"recordNo","rackNo","face","sectionNo","sectionLabel","pinXRatio","pinYRatio","pinType","level","member","location","streetFrom","streetTo","memberSize","corrosionRank","remarks","measuredThicknessMm","overviewPhotoFile","overviewLatitude","overviewLongitude","overviewAccuracyMeters","overviewLocationCapturedAtMillis","closeupPhotoFile","closeupLatitude","closeupLongitude","closeupAccuracyMeters","closeupLocationCapturedAtMillis"
"Area2-X-S01-001","Area2","Common","1","","0.23657978","0.463649","腐食所見","Z3","ガセットプレート (GPL)","X3通り","Y7-4","","CT-100×100×5.5×8 (G3)","D","6.0","3.9","Area2-X-S01-overview.jpg","","","","","Area2-X-S01-001.jpg","36.48271058333333","136.58259701666665","2.6892107","1787541344700"
"Area2-X-S01-002","Area2","Common","1","","0.26483977","0.4649712","腐食所見","Z3","ガセットプレート (GPL)","X3通り","Y7-6","","CT-100×100×5.5×8 (G3)","D","6.0","4.9","Area2-X-S01-overview.jpg","","","","","Area2-X-S01-002.jpg","36.48271058333333","136.58259701666665","2.6892107","1787541344700"
"Area2-X-S01-003","Area2","Common","1","","0.24878432","0.46304208","腐食所見","Z3","ガセットプレート (GPL)","X3通り","Y7-5","","CT-100×100×5.5×8 (G3)","D","6.0","3.7","Area2-X-S01-overview.jpg","","","","","Area2-X-S01-003.jpg","36.48271058333333","136.58259701666665","2.6892107","1787541344700"
"Area2-X-S01-004","Area2","Common","1","","0.27675185","0.46366164","腐食所見","Z3","スチフナー (STF)","X3通り","Y7-7","","CT-100×100×5.5×8 (G3)","D","6.0","4.1","Area2-X-S01-overview.jpg","","","","","Area2-X-S01-004.jpg","36.48271058333333","136.58259701666665","2.6892107","1787541344700"
"Area2-X-S01-005","Area2","Common","1","","0.3082337","0.46462625","腐食所見","Z3","フランジ (FL)","X3通り","Y7-9","","CT-100×100×5.5×8 (G3)","D","8.0","6.5","Area2-X-S01-overview.jpg","","","","","Area2-X-S01-005.jpg","36.48271058333333","136.58259701666665","2.6892107","1787541344700"
"Area2-X-S01-006","Area2","Common","1","","0.3372391","0.46277124","腐食所見","Z3","フランジ (FL)","X3通り","Y7-11","","CT-100×100×5.5×8 (G3)","D","8.0","5.7","Area2-X-S01-overview.jpg","","","","","Area2-X-S01-006.jpg","36.48271058333333","136.58259701666665","2.6892107","1787541344700"
"Area2-X-S01-007","Area2","Common","1","","0.35579222","0.46451223","腐食所見","Z3","スプライスプレート (SP)","X3通り","Y7-12","Y8-1","CT-100×100×5.5×8 (G3)","C","表面錆","","Area2-X-S01-overview.jpg","","","","","Area2-X-S01-007.jpg","36.48271058333333","136.58259701666665","2.6892107","1787541344700"
"Area2-X-S01-008","Area2","Common","1","","0.37709388","0.46531427","腐食所見","Z3","ガセットプレート (GPL)","X3通り","Y8-2","","CT-100×100×5.5×8 (G3)","D","6.0","5.4","Area2-X-S01-overview.jpg","","","","","Area2-X-S01-008.jpg","36.48271058333333","136.58259701666665","2.6892107","1787541344700"
"Area2-X-S01-009","Area2","Common","1","","0.39053923","0.46392676","腐食所見","Z3","ガセットプレート (GPL)","X3通り","Y8-3","","CT-100×100×5.5×8 (G3)","B","表面錆","","Area2-X-S01-overview.jpg","","","","","Area2-X-S01-009.jpg","36.48271058333333","136.58259701666665","2.6892107","1787541344700"
"Area2-X-S01-010","Area2","Common","1","","0.43159536","0.46296304","腐食所見","Z3","ガセットプレート (GPL)","X3通り","Y8-6","","CT-100×100×5.5×8 (G3)","貫通穴","表面錆","","Area2-X-S01-overview.jpg","","","","","Area2-X-S01-010.jpg","36.48271058333333","136.58259701666665","2.6892107","1787541344700"
"Area2-X-S01-011","Area2","Common","1","","0.4612652","0.46386206","腐食所見","Z3","フランジ (FL)","X3通り","Y8-8","","CT-100×100×5.5×8 (G3)","D","8.0","7.0","Area2-X-S01-overview.jpg","","","","","Area2-X-S01-011.jpg","36.48271058333333","136.58259701666665","2.6892107","1787541344700"
"Area2-X-S01-012","Area2","Common","1","","0.47657576","0.46519724","腐食所見","Z3","ガセットプレート (GPL)","X3通り","Y8-9","","CT-100×100×5.5×8 (G3)","D","6.0","3.8","Area2-X-S01-overview.jpg","","","","","Area2-X-S01-012.jpg","36.48271058333333","136.58259701666665","2.6892107","1787541344700"
"Area2-X-S01-013","Area2","Common","1","","0.5063033","0.46391755","腐食所見","Z3","ガセットプレート (GPL)","X3通り","Y8-11","","CT-100×100×5.5×8 (G3)","D","6.0","5.3","Area2-X-S01-overview.jpg","","","","","Area2-X-S01-013.jpg","36.48271058333333","136.58259701666665","2.6892107","1787541344700"
"Area2-X-S01-014","Area2","Common","1","","0.5231478","0.46506074","腐食所見","Z3","ベースプレート (BP)","X3通り","Y9-1","Y9-2","CT-100×100×5.5×8 (G3)","D","6.0","4.5","Area2-X-S01-overview.jpg","","","","","Area2-X-S01-014.jpg","36.48271058333333","136.58259701666665","2.6892107","1787541344700"
"Area2-X-S01-015","Area2","Common","1","","0.547004","0.4586219","腐食所見","その他","その他","X3通り","Y9-3","","CT-97×150×6×9 (G2)","その他","表面錆","","Area2-X-S01-overview.jpg","","","","","Area2-X-S01-015.jpg","36.48271058333333","136.58259701666665","2.6892107","1787541344700"
"Area2-X-S01-016","Area2","Common","1","","0.6040134","0.4666704","腐食所見","Z3","ガセットプレート (GPL)","X3通り","Y9-7","","CT-100×100×5.5×8 (G3)","D","6.0","5.0","Area2-X-S01-overview.jpg","","","","","Area2-X-S01-016.jpg","36.48271058333333","136.58259701666665","2.6892107","1787541344700"
"Area2-X-S01-017","Area2","Common","1","","0.63153934","0.4628761","腐食所見","Z3","ガセットプレート (GPL)","X3通り","Y9-9","","CT-100×100×5.5×8 (G3)","D","6.0","4.0","Area2-X-S01-overview.jpg","","","","","Area2-X-S01-017.jpg","36.48271058333333","136.58259701666665","2.6892107","1787541344700"
"Area2-X-S01-018","Area2","Common","1","","0.6538048","0.46322107","腐食所見","Z3","スプライスプレート (SP)","X3通り","Y9-10","Y10","CT-100×100×5.5×8 (G3)","D","6.0","5.0","Area2-X-S01-overview.jpg","","","","","Area2-X-S01-018.jpg","36.48271058333333","136.58259701666665","2.6892107","1787541344700"
"Area2-X-S01-019","Area2","Common","1","","0.68597955","0.4641409","腐食所見","Z3","ガセットプレート (GPL)","X2通り","Y11-1","","H-150×150×7×10 (Sb4)","D","6.0","4.1","Area2-X-S01-overview.jpg","","","","","Area2-X-S01-019.jpg","36.48271058333333","136.58259701666665","2.6892107","1787541344700"
"Area2-X-S01-020","Area2","Common","1","","0.6976975","0.4644376","腐食所見","Z3","スプライスプレート (SP)","X2通り","Y11-1","Y11-2","CT-100×100×5.5×8 (G3)","D","6.0","5.0","Area2-X-S01-overview.jpg","","","","","Area2-X-S01-020.jpg","36.48271058333333","136.58259701666665","2.6892107","1787541344700"
"Area2-X-S01-021","Area2","Common","1","","0.7167821","0.4655874","腐食所見","Z3","フランジ (FL)","X2通り","Y11-3","","CT-100×100×5.5×8 (G3)","D","8.0","6.8","Area2-X-S01-overview.jpg","","","","","Area2-X-S01-021.jpg","36.48271058333333","136.58259701666665","2.6892107","1787541344700"
"Area2-X-S01-022","Area2","Common","1","","0.73134035","0.46282777","腐食所見","Z3","ガセットプレート (GPL)","X2通り","Y11-4","","CT-100×100×5.5×8 (G3)","D","6.0","4.9","Area2-X-S01-overview.jpg","","","","","Area2-X-S01-022.jpg","36.48271058333333","136.58259701666665","2.6892107","1787541344700"
"Area2-X-S01-023","Area2","Common","1","","0.7432074","0.46305773","腐食所見","Z3","ガセットプレート (GPL)","X2通り","Y11-5","","CT-100×100×5.5×8 (G3)","D","6.0","4.8","Area2-X-S01-overview.jpg","","","","","Area2-X-S01-023.jpg","36.48271058333333","136.58259701666665","2.6892107","1787541344700"
"Area2-X-S01-024","Area2","Common","1","","0.76057935","0.461678","腐食所見","Z3","ガセットプレート (GPL)","X2通り","Y11-6","","CT-100×100×5.5×8 (G3)","D","6.0","4.9","Area2-X-S01-overview.jpg","","","","","Area2-X-S01-024.jpg","36.48271058333333","136.58259701666665","2.6892107","1787541344700"
"Area2-X-S01-025","Area2","Common","1","","0.7769726","0.46190798","腐食所見","Z3","ガセットプレート (GPL)","X2通り","Y11-7","","CT-100×100×5.5×8 (G3)","B","表面錆","","Area2-X-S01-overview.jpg","","","","","Area2-X-S01-025.jpg","36.48271058333333","136.58259701666665","2.6892107","1787541344700"
"Area2-X-S01-026","Area2","Common","1","","0.8056092","0.46341723","腐食所見","Z3","ガセットプレート (GPL)","X2通り","Y11-9","","CT-100×100×5.5×8 (G3)","D","6.0","5.4","Area2-X-S01-overview.jpg","","","","","Area2-X-S01-026.jpg","36.48271058333333","136.58259701666665","2.6892107","1787541344700"
"Area2-X-S01-027","Area2","Common","1","","0.82028985","0.46537194","腐食所見","Z3","ガセットプレート (GPL)","X2通り","Y11-10","","CT-100×100×5.5×8 (G3)","D","6.0","5.0","Area2-X-S01-overview.jpg","","","","","Area2-X-S01-027.jpg","36.48271058333333","136.58259701666665","2.6892107","1787541344700"
"Area2-X-S01-028","Area2","Common","1","","0.833747","0.46468204","腐食所見","Z3","スチフナー (STF)","X2通り","Y11-11","","CT-100×100×5.5×8 (G3)","D","6.0","5.3","Area2-X-S01-overview.jpg","","","","","Area2-X-S01-028.jpg","36.48271058333333","136.58259701666665","2.6892107","1787541344700"
"Area2-X-S01-029","Area2","Common","1","","0.84806055","0.46272734","腐食所見","Z3","ガセットプレート (GPL)","X2通り","Y11-12","","CT-100×100×5.5×8 (G3)","D","6.0","5.1","Area2-X-S01-overview.jpg","","","","","Area2-X-S01-029.jpg","36.48271058333333","136.58259701666665","2.6892107","1787541344700"
"Area2-X-S01-030","Area2","Common","1","","0.86335266","0.4638771","腐食所見","Z3","ガセットプレート (GPL)","X2通り","Y11-13","","CT-100×100×5.5×8 (G3)","D","6.0","5.4","Area2-X-S01-overview.jpg","","","","","Area2-X-S01-030.jpg","36.48271058333333","136.58259701666665","2.6892107","1787541344700"
"Area2-X-S01-031","Area2","Common","1","","0.8785226","0.46065772","腐食所見","Z3","ガセットプレート (GPL)","X2通り","Y11-14","","CT-100×100×5.5×8 (G3)","D","6.0","4.8","Area2-X-S01-overview.jpg","","","","","Area2-X-S01-031.jpg","36.48271058333333","136.58259701666665","2.6892107","1787541344700"
"Area2-X-S01-032","Area2","Common","1","","0.8820978","0.464295","腐食所見","Z3","スプライスプレート (SP)","X2通り","Y11-14","Y12","CT-100×100×5.5×8 (G3)","D","6.0","5.3","Area2-X-S01-overview.jpg","","","","","Area2-X-S01-032.jpg","36.48271058333333","136.58259701666665","2.6892107","1787541344700"
"Area2-X-S01-033","Area2","Common","1","","0.30657554","0.43462625","腐食所見","Z5","フランジ (FL)","X3通り","Y7-9","","C-150x75x6.5x10 (Sb5)","D","-2","","Area2-X-S01-overview.jpg","","","","","Area2-X-S01-033.jpg","36.4405808","136.5722798","87.6","1787615582314"
"Area2-X-S01-034","Area2","Common","1","","0.35825878","0.44867575","腐食所見","Z4","フランジ (FL)","X3通り","Y8-1","","CT-100×100×5.5×8 (G3)","D","8.0","6.7","Area2-X-S01-overview.jpg","","","","","Area2-X-S01-034.jpg","36.4426528","136.5731365","104.1","1787616000755"
"Area2-X-S01-035","Area2","Common","1","","0.36070558","0.45155025","腐食所見","Z4","ガセットプレート (GPL)","X3通り","Y8-1","","H-150×150×7×10 (P1)","D","6.0","5.4","Area2-X-S01-overview.jpg","","","","","Area2-X-S01-035.jpg","36.4409628","136.5719289","80.604","1787616211203"
"Area2-X-S01-036","Area2","Common","1","","0.39031133","0.44902068","腐食所見","Z4","ガセットプレート (GPL)","X3通り","Y8-3","","CT-100×100×5.5×8 (G3)","D","6.0","4.8","Area2-X-S01-overview.jpg","","","","","Area2-X-S01-036.jpg","36.4399258","136.5731109","104.1","1787616440440"
"Area2-X-S01-037","Area2","Common","1","","0.51704997","0.44810078","腐食所見","Z4","フランジ (FL)","X2通り","Y9-1","","CT-100×100×5.5×8 (G3)","D","8.0","7.0","Area2-X-S01-overview.jpg","","","","","Area2-X-S01-037.jpg","36.4399258","136.5731109","104.1","1787616440440"
"Area2-X-S01-038","Area2","Common","1","","0.5254596","0.45107737","腐食所見","Z4","スプライスプレート (SP)","X2通り","Y9-1","Y9-2","CT-100×100×5.5×8 (G3)","D","6.0","5.1","Area2-X-S01-overview.jpg","","","","","Area2-X-S01-038.jpg","36.4417064","136.5714518","82.5","1787617114309"
"Area2-X-S01-039","Area2","Common","1","","0.6056163","0.44837573","腐食所見","Z4","ガセットプレート (GPL)","X2通り","Y9-7","","CT-100×100×5.5×8 (G3)","D","6.0","5.2","Area2-X-S01-overview.jpg","","","","","Area2-X-S01-039.jpg","36.4417064","136.5714518","82.5","1787618581300"
"Area2-X-S01-040","Area2","Common","1","","0.6622584","0.44941068","腐食所見","Z4","フランジ (FL)","X2通り","Y10","","ｃ150","D","3.2","2.4","Area2-X-S01-overview.jpg","","","","","Area2-X-S01-040.jpg","36.4411217","136.5718809","87.6","1787619217442"
"Area2-X-S01-041","Area2","Common","1","","0.66201377","0.45148027","腐食所見","Z4","ガセットプレート (GPL)","X2通り","Y10","","H-150×150×7×10 (P1)","D","6.0","5.1","Area2-X-S01-overview.jpg","","","","","Area2-X-S01-041.jpg","36.4411217","136.5718809","87.6","1787619217442"
"Area2-X-S01-042","Area2","Common","1","","0.69149727","0.44998562","腐食所見","Z4","ウェブ (WB)","X2通り","Y11-1","","c150","D","3.2","2.2","Area2-X-S01-overview.jpg","","","","","Area2-X-S01-042.jpg","36.4411217","136.5718809","87.6","1787619217442"
"Area2-X-S01-043","Area2","Common","1","","0.69895995","0.44826096","腐食所見","Z4","スプライスプレート (SP)","X2通り","Y11-1","","CT-100×100×5.5×8 (G3)","D","6.0","5.0","Area2-X-S01-overview.jpg","","","","","Area2-X-S01-043.jpg","36.4411217","136.5718809","87.6","1787619217442"
"Area2-X-S01-044","Area2","Common","1","","0.74758935","0.4486635","腐食所見","Z4","ガセットプレート (GPL)","X2通り","Y11-5","","CT-100×100×5.5×8 (G3)","D","6.0","5.0","Area2-X-S01-overview.jpg","","","","","Area2-X-S01-044.jpg","36.4417064","136.5714518","82.5","1787619622631"
"Area2-X-S01-045","Area2","Common","1","","0.81809545","0.4490995","腐食所見","Z4","フランジ (FL)","X2通り","Y11-10","","CT-100×100×5.5×8 (G3)","D","8.0","6.9","Area2-X-S01-overview.jpg","","","","","Area2-X-S01-045.jpg","36.4411142","136.5718387","79.0","1787619803478"
"Area2-X-S01-046","Area2","Common","1","","0.81858486","0.451859","腐食所見","Z4","ガセットプレート (GPL)","X2通り","Y11-10","","CT-100×100×5.5×8 (G3)","D","6.0","4.9","Area2-X-S01-overview.jpg","","","","","Area2-X-S01-046.jpg","36.4417212","136.5715208","29.297","1787620012181"
"Area2-X-S01-047","Area2","Common","1","","0.8727671","0.44721657","腐食所見","Z4","ガセットプレート (GPL)","X2通り","Y11-14","","CT-100×100×5.5×8 (G3)","D","6.0","5.2","Area2-X-S01-overview.jpg","","","","","Area2-X-S01-047.jpg","36.4416675","136.5715073","68.4","1787620323657"
"Area2-X-S01-048","Area2","Common","1","","0.88989437","0.44997597","腐食所見","Z4","フランジ (FL)","X2通り","Y12","","CT-100×100×5.5×8 (G3)","D","8.0","7.1","Area2-X-S01-overview.jpg","","","","","Area2-X-S01-048.jpg","36.4416675","136.5715073","68.4","1787620323657"
"Area2-X-S01-049","Area2","Common","1","","0.89013904","0.4612439","腐食所見","Z3","その他","X2通り","Y12","","その他","その他","表面錆","","Area2-X-S01-overview.jpg","","","","","Area2-X-S01-049.jpg","36.4416972","136.571467","45.6","1787620596146"
"Area2-X-S01-050","Area2","Common","1","","0.83014274","0.82878965","腐食所見","Z3","ガセットプレート (GPL)","X1通り","Y7-2","","CT-100×100×5.5×8 (G3)","D","6.0","3.7","Area2-X-S01-overview.jpg","","","","","Area2-X-S01-050.jpg","36.4405683","136.5722708","28.1","1787622382642"
"Area2-X-S01-051","Area2","Common","1","","0.8137694","0.831474","腐食所見","Z3","フランジ (FL)","X1通り","Y7-3","","CT-100×100×5.5×8 (G3)","D","8.0","6.9","Area2-X-S01-overview.jpg","","","","","Area2-X-S01-051.jpg","36.4405683","136.5722708","28.1","1787622382642"
"Area2-X-S01-052","Area2","Common","1","","0.7582279","0.82733464","腐食所見","Z3","ウェブ (WB)","X1通り","Y7-7","","CT-100×100×5.5×8 (G3)","D","5.5","4.5","Area2-X-S01-overview.jpg","","","","","Area2-X-S01-052.jpg","36.4405462","136.5723793","77.6","1787622825302"
"Area2-X-S01-053","Area2","Common","1","","0.72605306","0.8271046","腐食所見","Z3","ウェブ (WB)","X1通り","Y7-9","","CT-100×100×5.5×8 (G3)","D","5.5","4.7","Area2-X-S01-overview.jpg","","","","","Area2-X-S01-053.jpg","36.4405811","136.5722815","77.6","1787623099981"
"Area2-X-S01-054","Area2","Common","1","","0.7127181","0.82951903","腐食所見","Z3","ガセットプレート (GPL)","X1通り","Y7-10","","CT-100×100×5.5×8 (G3)","D","6.0","4.9","Area2-X-S01-overview.jpg","","","","","Area2-X-S01-054.jpg","36.4405811","136.5722815","77.6","1787623099981"
"Area2-X-S01-055","Area2","Common","1","","0.6980376","0.8290591","腐食所見","Z3","スチフナー (STF)","X1通り","Y7-11","","CT-100×100×5.5×8 (G3)","D","6.0","5.3","Area2-X-S01-overview.jpg","","","","","Area2-X-S01-055.jpg","36.4405808","136.5722798","87.6","1787623280619"
"Area2-X-S01-056","Area2","Common","1","","0.68054324","0.82859945","腐食所見","Z3","スプライスプレート (SP)","X1通り","Y7-12","Y8-1","CT-100×100×5.5×8 (G3)","D","6.0","5.0","Area2-X-S01-overview.jpg","","","","","Area2-X-S01-056.jpg","36.4405808","136.5722798","87.6","1787623280619"
"Area2-X-S01-057","Area2","Common","1","","0.66928816","0.8312441","腐食所見","Z3","スプライスプレート (SP)","X1通り","Y8-1","Y8-2","CT-100×100×5.5×8 (G3)","A","6.0","5.2","Area2-X-S01-overview.jpg","","","","","Area2-X-S01-057.jpg","36.4405808","136.5722798","87.6","1787623280619"
"Area2-X-S01-058","Area2","Common","1","","0.620006","0.8287146","腐食所見","Z3","ウェブ (WB)","X1通り","Y8-5","","CT-100×100×5.5×8 (G3)","A","5.5","4.9","Area2-X-S01-overview.jpg","","","","","Area2-X-S01-058.jpg","36.4405808","136.5722798","87.6","1787623280619"
"Area2-X-S01-059","Area2","Common","1","","0.61755925","0.82986444","腐食所見","Z3","ガセットプレート (GPL)","X1通り","Y8-5","","CT-100×100×5.5×8 (G3)","D","6.0","3.6","Area2-X-S01-overview.jpg","","","","","Area2-X-S01-059.jpg","36.4405808","136.5722798","87.6","1787623280619"
"Area2-X-S01-060","Area2","Common","1","","0.5990563","0.8291249","腐食所見","Z3","ガセットプレート (GPL)","X1通り","Y8-6","","CT-100×100×5.5×8 (G3)","D","6.0","5.0","Area2-X-S01-overview.jpg","","","","","Area2-X-S01-060.jpg","36.4405808","136.5722798","87.6","1787631683593"
"Area2-X-S01-061","Area2","Common","1","","0.5896485","0.8291087","腐食所見","Z3","ウェブ (WB)","X1通り","Y8-7","","CT-100×100×5.5×8 (G3)","D","5.5","4.5","Area2-X-S01-overview.jpg","","","","","Area2-X-S01-061.jpg","36.4405808","136.5722798","87.6","1787631683593"
"Area2-X-S01-062","Area2","Common","1","","0.5890921","0.82888037","腐食所見","Z3","ガセットプレート (GPL)","X1通り","Y8-7","","CT-100×100×5.5×8 (G3)","D","6.0","5.1","Area2-X-S01-overview.jpg","","","","","Area2-X-S01-062.jpg","36.4405808","136.5722798","87.6","1787631683593"
"Area2-X-S01-063","Area2","Common","1","","0.5740446","0.8319849","腐食所見","Z3","スチフナー (STF)","X1通り","Y8-8","","CT-100×100×5.5×8 (G3)","D","6.0","4.7","Area2-X-S01-overview.jpg","","","","","Area2-X-S01-063.jpg","36.4405795","136.5722807","92.9","1787632652445"
"Area2-X-S01-064","Area2","Common","1","","0.5757573","0.83267474","腐食所見","Z3","ガセットプレート (GPL)","X1通り","Y8-8","","CT-100×100×5.5×8 (G3)","D","6.0","5.0","Area2-X-S01-overview.jpg","","","","","Area2-X-S01-064.jpg","36.4405795","136.5722807","92.9","1787632652445"
"Area2-X-S01-065","Area2","Common","1","","0.5603427","0.83152497","腐食所見","Z3","ガセットプレート (GPL)","X1通り","Y8-9","","CT-100×100×5.5×8 (G3)","D","6.0","4.6","Area2-X-S01-overview.jpg","","","","","Area2-X-S01-065.jpg","36.4405795","136.5722807","92.9","1787632652445"
"Area2-X-S01-066","Area2","Common","1","","0.5459876","0.83113486","腐食所見","Z3","ガセットプレート (GPL)","X1通り","Y8-10","","CT-100×100×5.5×8 (G3)","D","6.0","4.4","Area2-X-S01-overview.jpg","","","","","Area2-X-S01-066.jpg","36.4405795","136.5722807","92.9","1787632652445"
"Area2-X-S01-067","Area2","Common","1","","0.5457429","0.8290652","腐食所見","Z3","ガセットプレート (GPL)","X1通り","Y8-10","","CT-100×100×5.5×8 (G3)","D","6.0","4.1","Area2-X-S01-overview.jpg","","","","","Area2-X-S01-067.jpg","36.4405795","136.5722807","92.9","1787632652445"
"Area2-X-S01-068","Area2","Common","1","","0.5273922","0.8297551","腐食所見","Z3","ガセットプレート (GPL)","X1通り","Y8-11","","CT-100×100×5.5×8 (G3)","D","6.0","2.4","Area2-X-S01-overview.jpg","","","","","Area2-X-S01-068.jpg","36.4405795","136.5722807","92.9","1787632652445"
"Area2-X-S01-069","Area2","Common","1","","0.5220093","0.8309049","腐食所見","Z3","スプライスプレート (SP)","X1通り","Y8-11","Y9-1","CT-100×100×5.5×8 (G3)","D","6.0","4.5","Area2-X-S01-overview.jpg","","","","","Area2-X-S01-069.jpg","36.4405795","136.5722807","92.9","1787632652445"
"Area2-X-S01-070","Area2","Common","1","","0.5161371","0.8290652","腐食所見","Z3","スプライスプレート (SP)","X1通り","Y9-1","","CT-100×100×5.5×8 (G3)","D","6.0","5.0","Area2-X-S01-overview.jpg","","","","","Area2-X-S01-070.jpg","36.4417035","136.5714504","87.6","1787633012625"
"Area2-X-S01-071","Area2","Common","1","","0.48579735","0.8329745","腐食所見","Z3","フランジ (FL)","X1通り","Y9-3","","CT-100×100×5.5×8 (G3)","D","8.0","5.8","Area2-X-S01-overview.jpg","","","","","Area2-X-S01-071.jpg","36.4417035","136.5714504","87.6","1787633012625"
"Area2-X-S01-072","Area2","Common","1","","0.46006903","0.8303521","腐食所見","Z3","フランジ (FL)","X1通り","Y9-5","","CT-100×100×5.5×8 (G3)","D","8.0","6.5","Area2-X-S01-overview.jpg","","","","","Area2-X-S01-072.jpg","36.4417035","136.5714504","87.6","1787633012625"
"Area2-X-S01-073","Area2","Common","1","","0.43083033","0.8295472","腐食所見","Z3","ガセットプレート (GPL)","X1通り","Y9-7","","CT-100×100×5.5×8 (G3)","D","6.0","4.2","Area2-X-S01-overview.jpg","","","","","Area2-X-S01-073.jpg","36.4417064","136.5714518","82.5","1787633405699"
"Area2-X-S01-074","Area2","Common","1","","0.40171394","0.83000714","腐食所見","Z3","ガセットプレート (GPL)","X1通り","Y9-9","","CT-100×100×5.5×8 (G3)","D","6.0","3.3","Area2-X-S01-overview.jpg","","","","","Area2-X-S01-074.jpg","36.4405849","136.5722935","30.0","1787634900854"
"Area2-X-S01-075","Area2","Common","1","","0.37975428","0.8327091","腐食所見","Z3","ウェブ (WB)","X1通り","Y9-10","Y10","CT-100×100×5.5×8 (G3)","D","5.5","5.1","Area2-X-S01-overview.jpg","","","","","Area2-X-S01-075.jpg","36.4417078","136.5714563","77.6","1787635081598"
"Area2-X-S01-076","Area2","Common","1","","0.3758395","0.8292598","腐食所見","Z3","フランジ (FL)","X1通り","Y10","","c150","D","3.2","1.0","Area2-X-S01-overview.jpg","","","","","Area2-X-S01-076.jpg","36.4417078","136.5714563","77.6","1787635081598"
"Area2-X-S01-077","Area2","Common","1","","0.3731481","0.83063954","腐食所見","Z3","ガセットプレート (GPL)","X1通り","Y10","","H-150×150×7×10 (P1)","D","6.0","4.8","Area2-X-S01-overview.jpg","","","","","Area2-X-S01-077.jpg","36.4417078","136.5714563","77.6","1787635081598"
"Area2-X-S01-078","Area2","Common","1","","0.34525508","0.83017963","腐食所見","Z3","フランジ (FL)","X1通り","Y11-1","","c150","D","3.2","1.4","Area2-X-S01-overview.jpg","","","","","Area2-X-S01-078.jpg","36.4417078","136.5714563","77.6","1787635081598"
"Area2-X-S01-079","Area2","Common","1","","0.34819114","0.8299496","腐食所見","Z3","ガセットプレート (GPL)","X1通り","Y11-1","","H-150×150×7×10 (P1)","D","6.0","4.9","Area2-X-S01-overview.jpg","","","","","Area2-X-S01-079.jpg","36.4408736","136.5719952","87.6","1787635501673"
"Area2-X-S01-080","Area2","Common","1","","0.34675282","0.83382493","腐食所見","Z3","スプライスプレート (SP)","X1通り","Y11-1","","CT-100×100×5.5×8 (G3)","D","6.0","5.0","Area2-X-S01-overview.jpg","","","","","Area2-X-S01-080.jpg","36.4417035","136.5714504","87.6","1787635682674"
"Area2-X-S01-081","Area2","Common","1","","0.32938084","0.8317553","腐食所見","Z3","ガセットプレート (GPL)","X1通り","Y11-2","","CT-100×100×5.5×8 (G3)","D","6.0","2.6","Area2-X-S01-overview.jpg","","","","","Area2-X-S01-081.jpg","36.4417035","136.5714504","87.6","1787635682674"
"Area2-X-S01-082","Area2","Common","1","","0.30148783","0.83083546","腐食所見","Z3","ガセットプレート (GPL)","X1通り","Y11-4","","CT-100×100×5.5×8 (G3)","D","6.0","5.1","Area2-X-S01-overview.jpg","","","","","Area2-X-S01-082.jpg","36.4417064","136.5714518","82.5","1787635863616"
"Area2-X-S01-083","Area2","Common","1","","0.28631794","0.82922584","腐食所見","Z3","ガセットプレート (GPL)","X1通り","Y11-5","","CT-100×100×5.5×8 (G3)","D","6.0","3.2","Area2-X-S01-overview.jpg","","","","","Area2-X-S01-083.jpg","36.4417064","136.5714518","82.5","1787635863616"
"Area2-X-S01-084","Area2","Common","1","","0.27481818","0.8287659","腐食所見","Z3","ガセットプレート (GPL)","X1通り","Y11-6","","CT-100×100×5.5×8 (G3)","D","6.0","5.2","Area2-X-S01-overview.jpg","","","","","Area2-X-S01-084.jpg","36.4417078","136.5714563","77.6","1787636224501"
"Area2-X-S01-085","Area2","Common","1","","0.24579787","0.8285328","腐食所見","Z3","ガセットプレート (GPL)","X1通り","Y11-8","","CT-100×100×5.5×8 (G3)","D","6.0","4.3","Area2-X-S01-overview.jpg","","","","","Area2-X-S01-085.jpg","36.4417083","136.57146","72.9","1787636411955"
"Area2-X-S01-086","Area2","Common","1","","0.23111734","0.82738304","腐食所見","Z3","ガセットプレート (GPL)","X1通り","Y11-9","","CT-100×100×5.5×8 (G3)","D","6.0","3.8","Area2-X-S01-overview.jpg","","","","","Area2-X-S01-086.jpg","36.4417083","136.57146","72.9","1787636411955"
"Area2-X-S01-087","Area2","Common","1","","0.26121244","0.82876277","腐食所見","Z3","ガセットプレート (GPL)","X1通り","Y11-7","","CT-100×100×5.5×8 (G3)","D","6.0","4.9","Area2-X-S01-overview.jpg","","","","","Area2-X-S01-087.jpg","36.4416788","136.5714943","68.4","1787636595973"
"Area2-X-S01-088","Area2","Common","1","","0.21766019","0.83198225","腐食所見","Z3","ウェブ (WB)","X1通り","Y11-10","","CT-100×100×5.5×8 (G3)","D","5.5","4.7","Area2-X-S01-overview.jpg","","","","","Area2-X-S01-088.jpg","36.4416788","136.5714943","68.4","1787636595973"
"Area2-X-S01-089","Area2","Common","1","","0.20077753","0.8301426","腐食所見","Z3","ウェブ (WB)","X1通り","Y11-11","","CT-100×100×5.5×8 (G3)","D","5.5","4.7","Area2-X-S01-overview.jpg","","","","","Area2-X-S01-089.jpg","36.4416922","136.5714812","34.4","1787636785596"
"Area2-X-S01-090","Area2","Common","1","","0.20151155","0.83175236","腐食所見","Z3","ガセットプレート (GPL)","X1通り","Y11-11","","CT-100×100×5.5×8 (G3)","D","6.0","3.3","Area2-X-S01-overview.jpg","","","","","Area2-X-S01-090.jpg","36.4416922","136.5714812","34.4","1787636785596"
"Area2-X-S01-091","Area2","Common","1","","0.19930948","0.82853293","腐食所見","Z3","ガセットプレート (GPL)","X1通り","Y11-11","","CT-100×100×5.5×8 (G3)","D","6.0","4.2","Area2-X-S01-overview.jpg","","","","","Area2-X-S01-091.jpg","36.4416922","136.5714812","34.4","1787636785596"
"Area2-X-S01-092","Area2","Common","1","","0.18780972","0.828303","腐食所見","Z3","ガセットプレート (GPL)","X1通り","Y11-12","","CT-100×100×5.5×8 (G3)","D","6.0","1.6","Area2-X-S01-overview.jpg","","","","","Area2-X-S01-092.jpg","36.4416922","136.5714812","34.4","1787636785596"
"Area2-X-S01-093","Area2","Common","1","","0.17215048","0.82899284","腐食所見","Z3","ガセットプレート (GPL)","X1通り","Y11-13","","CT-100×100×5.5×8 (G3)","D","6.0","3.9","Area2-X-S01-overview.jpg","","","","","Area2-X-S01-093.jpg","36.4417231","136.5715359","51.604","1787636966529"
"Area2-X-S01-094","Area2","Common","1","","0.15893798","0.8296827","腐食所見","Z3","ガセットプレート (GPL)","X1通り","Y11-14","","CT-100×100×5.5×8 (G3)","D","6.0","3.6","Area2-X-S01-overview.jpg","","","","","Area2-X-S01-094.jpg","36.4417231","136.5715359","51.604","1787636966529"
"Area2-X-S01-095","Area2","Common","1","","0.15172008","0.8341668","腐食所見","Z3","スプライスプレート (SP)","X1通り","Y11-14","Y12","CT-100×100×5.5×8 (G3)","D","6.0","5.1","Area2-X-S01-overview.jpg","","","","","Area2-X-S01-095.jpg","36.4417231","136.5715359","51.604","1787636966529"
"Area2-X-S01-096","Area2","Common","1","","0.83961296","0.8165467","腐食所見","Z4","ガセットプレート (GPL)","X1通り","Y7-1","","CT-100×100×5.5×8 (G3)","D","6.0","5.2","Area2-X-S01-overview.jpg","","","","","Area2-X-S01-096.jpg","36.4406667","136.5720768","64.1","1787639581310"
"Area2-X-S01-097","Area2","Common","1","","0.8273792","0.8183863","腐食所見","Z4","ガセットプレート (GPL)","X1通り","Y7-2","","CT-100×100×5.5×8 (G3)","D","6.0","5.0","Area2-X-S01-overview.jpg","","","","","Area2-X-S01-097.jpg","36.4406667","136.5720768","64.1","1787639581310"
"Area2-X-S01-098","Area2","Common","1","","0.8408363","0.8153969","腐食所見","Z4","フランジ (FL)","X1通り","Y7-1","","CT-100×100×5.5×8 (G3)","D","8.0","7.0","Area2-X-S01-overview.jpg","","","","","Area2-X-S01-098.jpg","36.4406667","136.5720768","64.1","1787639581310"
"Area2-X-S01-099","Area2","Common","1","","0.8168582","0.8151669","腐食所見","Z4","フランジ (FL)","X1通り","Y7-3","","CT-100×100×5.5×8 (G3)","D","8.0","5.7","Area2-X-S01-overview.jpg","","","","","Area2-X-S01-099.jpg","36.4405806","136.5722766","21.001","1787639762075"
"Area2-X-S01-100","Area2","Common","1","","0.51300234","0.8197279","腐食所見","Z4","フランジ (FL)","X1通り","Y9-1","","CT-100×100×5.5×8 (G3)","D","8.0","7.1","Area2-X-S01-overview.jpg","","","","","Area2-X-S01-100.jpg","36.4405808","136.5722841","68.4","1787703300792"
"Area2-X-S01-101","Area2","Common","1","","0.51911926","0.8144389","腐食所見","Z4","フランジ (FL)","X1通り","Y9-1","","CT-100×100×5.5×8 (G3)","D","8.0","7.0","Area2-X-S01-overview.jpg","","","","","Area2-X-S01-101.jpg","36.4405808","136.5722841","68.4","1787703300792"
"Area2-X-S01-102","Area2","Common","1","","0.5175404","0.81323904","腐食所見","Z4","スプライスプレート (SP)","X1通り","Y9-1","","CT-100×100×5.5×8 (G3)","D","6.0","4.0","Area2-X-S01-overview.jpg","","","","","Area2-X-S01-102.jpg","36.4405808","136.5722841","68.4","1787703300792"
"Area2-X-S01-103","Area2","Common","1","","0.5202318","0.81668836","腐食所見","Z4","ウェブ (WB)","X1通り","Y9-1","","CT-100×100×5.5×8 (G3)","D","5.5","2.5","Area2-X-S01-overview.jpg","","","","","Area2-X-S01-103.jpg","36.4405808","136.5722841","68.4","1787703300792"
"Area2-X-S01-104","Area2","Common","1","","0.51998717","0.81415886","腐食所見","Z4","ガセットプレート (GPL)","X1通り","Y9-1","","CT-100×100×5.5×8 (G3)","D","6.0","5.1","Area2-X-S01-overview.jpg","","","","","Area2-X-S01-104.jpg","36.4429436","136.5703629","39.6","1787704381464"
"Area2-X-S01-105","Area2","Common","1","","0.4742328","0.81599855","腐食所見","Z4","フランジ (FL)","X1通り","Y9-4","","CT-100×100×5.5×8 (G3)","D","8.0","7.0","Area2-X-S01-overview.jpg","","","","","Area2-X-S01-105.jpg","36.4405743","136.5722844","104.1","1787706000786"
"Area2-X-S01-106","Area2","Common","1","","0.37327883","0.8149592","腐食所見","Z4","フランジ (FL)","X1通り","Y10","","CT-100×100×5.5×8 (G3)","D","9.0 厚みが違う","7.9","Area2-X-S01-overview.jpg","","","","","Area2-X-S01-106.jpg","36.4417","136.571451","92.9","1787706181181"
"Area2-X-S01-107","Area2","Common","1","","0.37401286","0.8158791","腐食所見","Z4","ガセットプレート (GPL)","X1通り","Y10","","CT-100×100×5.5×8 (G3)","D","6.0","5.1","Area2-X-S01-overview.jpg","","","","","Area2-X-S01-107.jpg","36.4417","136.571451","92.9","1787706181181"
"Area2-X-S01-108","Area2","Common","1","","0.34416246","0.8147294","腐食所見","Z4","ガセットプレート (GPL)","X1通り","Y11-1","","CT-100×100×5.5×8 (G3)","D","6.0","4.9","Area2-X-S01-overview.jpg","","","","","Area2-X-S01-108.jpg","36.4417","136.571451","92.9","1787706181181"
"Area2-X-S01-109","Area2","Common","1","","0.3444071","0.8133496","腐食所見","Z4","フランジ (FL)","X1通り","Y11-1","","c150","D","3.2","2.7","Area2-X-S01-overview.jpg","","","","","Area2-X-S01-109.jpg","36.442943","136.5703627","45.6","1787707080908"
"Area2-X-S01-110","Area2","Common","1","","0.34514114","0.8128897","腐食所見","Z4","ウェブ (WB)","X1通り","Y11-1","","c150","D","3.2","2.7","Area2-X-S01-overview.jpg","","","","","Area2-X-S01-110.jpg","36.442943","136.5703627","45.6","1787707080908"
"Area2-X-S01-111","Area2","Common","1","","0.34587517","0.81426936","腐食所見","Z4","スチフナー (STF)","X1通り","Y11-1","","H-150×150×7×10 (P1)","D","6.0","4.8","Area2-X-S01-overview.jpg","","","","","Area2-X-S01-111.jpg","36.4417","136.571451","92.9","1787707342705"
"Area2-X-S01-112","Area2","Common","1","","0.28049955","0.81779367","腐食所見","Z4","フランジ (FL)","X1通り","Y11-5","Y11-6","CT-100×100×5.5×8 (G3)","D","8.0","6.9","Area2-X-S01-overview.jpg","","","","","Area2-X-S01-112.jpg","36.4417","136.571451","92.9","1787707342705"
"Area2-X-S01-113","Area2","Common","1","","0.15825205","0.813938","腐食所見","Z4","ガセットプレート (GPL)","X1通り","Y11-14","","CT-100×100×5.5×8 (G3)","D","6.0","3.4","Area2-X-S01-overview.jpg","","","","","Area2-X-S01-113.jpg","36.4416797","136.5714273","28.1","1787708700782"
"Area2-X-S01-114","Area2","Common","1","","0.14381616","0.81508785","腐食所見","Z4","スプライスプレート (SP)","X1通り","Y12","","CT-100×100×5.5×8 (G3)","D","6.0","4.0","Area2-X-S01-overview.jpg","","","","","Area2-X-S01-114.jpg","36.4416797","136.5714273","28.1","1787708700782"
"Area2-X-S01-115","Area2","Common","1","","0.14479487","0.81025875","腐食所見","Z4","フランジ (FL)","X1通り","Y12","","CT-100×100×5.5×8 (G3)","D","9.0厚みが違う","6.5","Area2-X-S01-overview.jpg","","","","","Area2-X-S01-115.jpg","36.4416723","136.5714405","32.099","1787708881286"
"Area2-X-S01-116","Area2","Common","1","","0.8405817","0.8318839","腐食所見","Z3","スプライスプレート (SP)","X1通り","Y7-1","","CT-100×100×5.5×8 (G3)","D","6.0","5.0","Area2-X-S01-overview.jpg","","","","","Area2-X-S01-116.jpg","36.4406141","136.5722959","68.4","1787719800762"
"Area2-X-S01-117","Area2","Common","1","","0.8430285","0.82981426","腐食所見","Z3","フランジ (FL)","X1通り","Y7-1","","CT-100×100×5.5×8 (G3)","D","8.0","7.0","Area2-X-S01-overview.jpg","","","","","Area2-X-S01-117.jpg","36.4405654","136.5723036","20.175","1787719981259"
"Area2-X-S01-118","Area2","Common","1","","0.19711871","0.4650068","腐食所見","Z3","スプライスプレート (SP)","X3通り","Y7-1","","CT-100×100×5.5×8 (G3)","D","6.0","4.0","Area2-X-S01-overview.jpg","","","","","Area2-X-S01-118.jpg","36.4405883","136.5722513","64.1","1787720162009"
"Area2-X-S01-119","Area2","Common","1","","0.2081291","0.463857","腐食所見","Z4","ウェブ (WB)","X3通り","Y7-2","","CT-100×100×5.5×8 (G3)","D","5.5","4.1","Area2-X-S01-overview.jpg","","","","","Area2-X-S01-119.jpg","36.4405539","136.5722942","18.685","1787720342403"
"Area2-X-S01-120","Area2","Common","1","","0.20666106","0.46408698","腐食所見","Z3","ガセットプレート (GPL)","X3通り","Y7-2","","CT-100×100×5.5×8 (G3)","D","6.0","3.6","Area2-X-S01-overview.jpg","","","","","Area2-X-S01-120.jpg","36.4405539","136.5722942","18.685","1787720342403"
"Area2-X-S01-121","Area2","Common","1","","0.517377","0.4478793","腐食所見","Z4","スチフナー (STF)","X3通り","Y9-1","","H-150×150×7×10 (P1)","D","6.0","2.5","Area2-X-S01-overview.jpg","","","","","Area2-X-S01-121.jpg","36.4405539","136.5722942","18.685","1787720342403"
"Area2-X-S01-122","Area2","Common","1","","0.5461297","0.14701311","腐食所見","Z4","スチフナー (STF)","門型柱 Y9","Y9-1","","H-150×150×7×10 (Sb4)","D","6.0","2.4","Area2-X-S01-overview.jpg","","","","","Area2-X-S01-122.jpg","36.4411163","136.5718943","87.6","1787721487004"
"Area2-X-S01-123","Area2","Common","1","","0.5182391","0.14682226","腐食所見","Z4","ガセットプレート (GPL)","門型柱 Y9","Y9-1","","H-150×150×7×10 (Sb4)","D","6.0","5.1","Area2-X-S01-overview.jpg","","","","","Area2-X-S01-123.jpg","36.4417016","136.5714558","92.9","1787721847978"
"Area2-X-S01-124","Area2","Common","1","","0.516469","0.16149081","腐食所見","Z3","ガセットプレート (GPL)","門型柱 Y9","Y9-1","","H-150×150×7×10 (P1)","D","9.0","7.5","Area2-X-S01-overview.jpg","","","","","Area2-X-S01-124.jpg","36.4417016","136.5714558","92.9","1787721847978"
"Area2-X-S01-125","Area2","Common","1","","0.5572077","0.15953614","腐食所見","Z3","ガセットプレート (GPL)","門型柱 Y9","Y9-1","","H-150×150×7×10 (Sb4)","D","6.0","3.2","Area2-X-S01-overview.jpg","","","","","Area2-X-S01-125.jpg","36.4417016","136.5714558","92.9","1787721847978"
"Area2-X-S01-126","Area2","Common","1","","0.5564737","0.16114584","腐食所見","Z3","フランジ (FL)","門型柱 Y9","Y9-1","","H-150×150×7×10 (Sb4)","D","10","8.8","Area2-X-S01-overview.jpg","","","","","Area2-X-S01-126.jpg","36.4405374","136.5724095","87.6","1787722535204"
"Area2-X-S01-127","Area2","Common","1","","0.55696297","0.14803824","腐食所見","Z3","ガセットプレート (GPL)","門型柱 Y9","Y9-1","","CT-97×150×6×9 (G2)","D","9.0","6.1","Area2-X-S01-overview.jpg","","","","","Area2-X-S01-127.jpg","36.4405374","136.5724095","87.6","1787722535204"
"Area2-X-S01-128","Area2","Common","1","","0.5611225","0.16390535","腐食所見","Z3","ガセットプレート (GPL)","門型柱 Y9","Y9-1","","H-150×150×7×10 (P1)","D","9.0","6.3","Area2-X-S01-overview.jpg","","","","","Area2-X-S01-128.jpg","36.4405626","136.572301","72.9","1787722715589"
"Area2-X-S01-129","Area2","Common","1","","0.53592074","0.18586634","腐食所見","Z2","ガセットプレート (GPL)","門型柱 Y9","Y9-1","","C-150x75x6.5x10 (Sb5)","D","6.0","4.8","Area2-X-S01-overview.jpg","","","","","Area2-X-S01-129.jpg","36.4418497","136.5717878","82.5","1787724300080"
"Area2-X-S01-130","Area2","Common","1","","0.5339633","0.19000559","腐食所見","Z2","フランジ (FL)","門型柱 Y9","Y9-1","","C-150x75x6.5x10 (Sb5)","D","8.0","6.0","Area2-X-S01-overview.jpg","","","","","Area2-X-S01-130.jpg","36.4418497","136.5717878","82.5","1787724300080"
"Area2-X-S01-131","Area2","Common","1","","0.5584309","0.19092542","腐食所見","Z2","ガセットプレート (GPL)","門型柱 Y9","Y9-1","","H-150×150×7×10 (P1)","D","9.0","7.8","Area2-X-S01-overview.jpg","","","","","Area2-X-S01-131.jpg","36.4406052","136.5723036","47.067","1787724480610"
"Area2-X-S01-132","Area2","Common","1","","0.5129212","0.18793598","腐食所見","Z2","ガセットプレート (GPL)","門型柱 Y9","Y9-1","","H-150×150×7×10 (P1)","D","9.0","7.6","Area2-X-S01-overview.jpg","","","","","Area2-X-S01-132.jpg","36.4406052","136.5723036","47.067","1787724480610"
"Area2-X-S01-133","Area2","Common","1","","0.51341057","0.21208154","腐食所見","Z1","ガセットプレート (GPL)","門型柱 Y9","Y9-1","","H-150×150×7×10 (P1)","D","9.0","5.7","Area2-X-S01-overview.jpg","","","","","Area2-X-S01-133.jpg","36.4406052","136.5723036","47.067","1787724480610"
"Area2-X-S01-134","Area2","Common","1","","0.5139","0.19391488","腐食所見","Z2","スチフナー (STF)","門型柱 Y9","Y9-1","","H-150×150×7×10 (P1)","D","9.0","7.3","Area2-X-S01-overview.jpg","","","","","Area2-X-S01-134.jpg","36.4405225","136.5725301","82.5","1787724662432"
"Area2-X-S01-135","Area2","Common","1","","0.7209488","0.21298973","腐食所見","Z1","ガセットプレート (GPL)","門型柱 Y8","Y8-1","","H-150×150×7×10 (P1)","D","9.0","6.2","Area2-X-S01-overview.jpg","","","","","Area2-X-S01-135.jpg","36.4405225","136.5725301","82.5","1787724662432"
"Area2-X-S01-136","Area2","Common","1","","0.6771519","0.21344963","腐食所見","Z1","ガセットプレート (GPL)","門型柱 Y8","Y8-1","","H-150×150×7×10 (P1)","D","6.0","5.3","Area2-X-S01-overview.jpg","","","","","Area2-X-S01-136.jpg","36.4406352","136.5722754","82.5","1787725169702"
"Area2-X-S01-137","Area2","Common","1","","0.6788646","0.18792431","腐食所見","Z2","ガセットプレート (GPL)","門型柱 Y8","Y8-1","","H-150×150×7×10 (P1)","D","9.0","7.0","Area2-X-S01-overview.jpg","","","","","Area2-X-S01-137.jpg","36.4406352","136.5722754","82.5","1787725169702"
"Area2-X-S01-138","Area2","Common","1","","0.6986834","0.18585469","腐食所見","Z2","ガセットプレート (GPL)","門型柱 Y8","Y8-1","","C-150x75x6.5x10 (Sb5)","D","6.0","4.9","Area2-X-S01-overview.jpg","","","","","Area2-X-S01-138.jpg","36.4406352","136.5722754","82.5","1787725169702"
"Area2-X-S01-139","Area2","Common","1","","0.7187468","0.18746439","腐食所見","Z2","スチフナー (STF)","門型柱 Y8","Y8-1","","H-150×150×7×10 (P1)","D","9.0","5.0","Area2-X-S01-overview.jpg","","","","","Area2-X-S01-139.jpg","36.4405311","136.5722429","82.5","1787725392877"
"Area2-X-S01-140","Area2","Common","1","","0.434734","0.15929076","腐食所見","Z3","ガセットプレート (GPL)","門型柱 Y10","Y10","","H-150×150×7×10 (P1)","D","9.0","4.9","Area2-X-S01-overview.jpg","","","","","Area2-X-S01-140.jpg","36.4405718","136.5722899","24.402","1787726700768"
"Area2-X-S01-141","Area2","Common","1","","0.43253192","0.15998064","腐食所見","Z3","ガセットプレート (GPL)","門型柱 Y10","Y10","","H-150×150×7×10 (P1)","D","6.0","4.8","Area2-X-S01-overview.jpg","","","","","Area2-X-S01-141.jpg","36.4405639","136.5723075","28.1","1787726882669"
"Area2-X-S01-142","Area2","Common","1","","0.40720442","0.16337077","腐食所見","Z3","ガセットプレート (GPL)","門型柱 Y10","Y10","","H-150×150×7×10 (P1)","D","9.0","5.4","Area2-X-S01-overview.jpg","","","","","Area2-X-S01-142.jpg","36.4405639","136.5723075","28.1","1787726882669"
"Area2-X-S01-143","Area2","Common","1","","0.29067048","0.16015431","腐食所見","Z3","ガセットプレート (GPL)","門型柱 Y11","Y11-1","","H-150×150×7×10 (P1)","D","9.0","7.5","Area2-X-S01-overview.jpg","","","","","Area2-X-S01-143.jpg","36.4416936","136.5714566","104.1","1787727062768"
"Area2-X-S01-144","Area2","Common","1","","0.2622881","0.16084419","腐食所見","Z3","ガセットプレート (GPL)","門型柱 Y11","Y11-1","","H-150×150×7×10 (P1)","D","9.0","6.9","Area2-X-S01-overview.jpg","","","","","Area2-X-S01-144.jpg","36.4416936","136.5714566","104.1","1787727062768"
"Area2-X-S01-145","Area2","Common","1","","0.1805737","0.15921842","腐食所見","Z3","ガセットプレート (GPL)","門型柱 Y12","Y12","","H-150×150×7×10 (P1)","D","9.0","6.1","Area2-X-S01-overview.jpg","","","","","Area2-X-S01-145.jpg","36.4417383","136.5715881","56.1","1787727600732"
"Area2-X-S01-146","Area2","Common","1","","0.1776376","0.16151801","腐食所見","Z3","スチフナー (STF)","門型柱 Y12","Y12","","H-150×150×7×10 (P1)","D","6.0","1.9","Area2-X-S01-overview.jpg","","","","","Area2-X-S01-146.jpg","36.4417383","136.5715881","56.1","1787727600732"
"Area2-X-S01-147","Area2","Common","1","","0.14974459","0.15760872","腐食所見","Z3","ガセットプレート (GPL)","門型柱 Y12","Y12","","H-150×150×7×10 (P1)","D","9.0","4.7","Area2-X-S01-overview.jpg","","","","","Area2-X-S01-147.jpg","36.4416746","136.5714918","27.135","1787727802863"
"Area2-X-S01-148","Area2","Common","1","","0.14901054","0.16289774","腐食所見","Z3","スチフナー (STF)","門型柱 Y12","Y12","","H-150×150×7×10 (P1)","D","6.0","4.9","Area2-X-S01-overview.jpg","","","","","Area2-X-S01-148.jpg","36.4416746","136.5714918","27.135","1787727802863"
"Area2-X-S01-149","Area2","Common","1","","0.26366714","0.21266688","腐食所見","Z1","ガセットプレート (GPL)","門型柱 Y11","Y11-1","","H-150×150×7×10 (P1)","D","6.0","5.4","Area2-X-S01-overview.jpg","","","","","Area2-X-S01-149.jpg","36.4416061","136.5719245","82.5","1787804553753"
"Area2-X-S01-150","Area2","Common","1","","0.28056002","0.18570593","腐食所見","Z2","ガセットプレート (GPL)","門型柱 Y11","Y11-1","","C-150x75x6.5x10 (Sb5)","D","6.0","4.9","Area2-X-S01-overview.jpg","","","","","Area2-X-S01-150.jpg","36.4416061","136.5719245","82.5","1787804553753"
"Area2-X-S01-151","Area2","Common","1","","0.29230446","0.21192113","腐食所見","Z1","ガセットプレート (GPL)","門型柱 Y11","Y11-1","","H-150×150×7×10 (P1)","D","6.0","5.0","Area2-X-S01-overview.jpg","","","","","Area2-X-S01-151.jpg","36.4418534","136.5716406","68.4","1787804734780"
"Area2-X-S01-152","Area2","Common","1","","0.28031534","0.18593588","腐食所見","Z2","フランジ (FL)","門型柱 Y11","Y11-1","","C-150x75x6.5x10 (Sb5)","D","11.2","8.9","Area2-X-S01-overview.jpg","","","","","Area2-X-S01-152.jpg","36.4406053","136.5723035","46.773","1787804915726"
"Area2-X-S01-153","Area2","Common","1","","0.2957299","0.18570593","腐食所見","Z2","ガセットプレート (GPL)","門型柱 Y11","Y11-1","","C-150x75x6.5x10 (Sb5)","D","9.0","6.7","Area2-X-S01-overview.jpg","","","","","Area2-X-S01-153.jpg","36.4415173","136.5719964","72.9","1787805096982"
"Area2-X-S01-154","Area2","Common","1","","0.29328316","0.18662575","腐食所見","Z2","スチフナー (STF)","門型柱 Y11","Y11-1","","C-150x75x6.5x10 (Sb5)","D","9.0","7.8","Area2-X-S01-overview.jpg","","","","","Area2-X-S01-154.jpg","36.4416941","136.5719572","87.6","1787805278991"
"Area2-X-S01-155","Area2","Common","1","","0.4230485","0.18620284","腐食所見","Z2","ガセットプレート (GPL)","門型柱 Y10","Y10","","C-150x75x6.5x10 (Sb5)","D","6.0","3.0","Area2-X-S01-overview.jpg","","","","","Area2-X-S01-155.jpg","36.4416941","136.5719572","87.6","1787805278991"
"Area2-X-S01-156","Area2","Common","1","","0.43351856","0.188624","腐食所見","Z2","ガセットプレート (GPL)","門型柱 Y10","Y10","","H-150×150×7×10 (P1)","D","9.0","7.9","Area2-X-S01-overview.jpg","","","","","Area2-X-S01-156.jpg","36.4406289","136.5722773","52.156","1787805459889"
"Area2-X-S01-157","Area2","Common","1","","0.4068571","0.18601082","腐食所見","Z2","スチフナー (STF)","門型柱 Y10","Y10","","H-150×150×7×10 (P1)","D","9.0","4.6","Area2-X-S01-overview.jpg","","","","","Area2-X-S01-157.jpg","36.4405693","136.5723991","77.6","1787805641281"
"Area2-X-S01-158","Area2","Common","1","","0.4080805","0.1876205","腐食所見","Z2","スチフナー (STF)","門型柱 Y10","Y10","","H-150×150×7×10 (P1)","D","9.0","4.6","Area2-X-S01-overview.jpg","","","","","Area2-X-S01-158.jpg","36.4405693","136.5723991","77.6","1787805641281"
"Area2-X-S01-159","Area2","Common","1","","0.40587837","0.21682519","腐食所見","Z1","ガセットプレート (GPL)","門型柱 Y10","Y10","","H-150×150×7×10 (P1)","D","6.0","4.6","Area2-X-S01-overview.jpg","","","","","Area2-X-S01-159.jpg","36.44057","136.5720966","77.6","1787805822239"
"Area2-X-S01-160","Area2","Common","1","","0.43523946","0.21245597","腐食所見","Z1","ガセットプレート (GPL)","門型柱 Y10","Y10","","H-100×100×6×8 (P2)","D","6.0","5.2","Area2-X-S01-overview.jpg","","","","","Area2-X-S01-160.jpg","36.44057","136.5720966","77.6","1787805822239"
"Area2-X-S01-161","Area2","Common","1","","0.43475014","0.21038635","腐食所見","Z1","スチフナー (STF)","門型柱 Y10","Y10","","H-150×150×7×10 (P1)","D","6.0","3.7","Area2-X-S01-overview.jpg","","","","","Area2-X-S01-161.jpg","36.4417096","136.5714608","77.6","1787806003137"
"Area2-X-S01-162","Area2","Common","1","","0.67734575","0.49283275","腐食所見","Z2","ガセットプレート (GPL)","X1通り","Y10","Y11-1","C-150x75x6.5x10 (Sb5)","D","6.0","4.5","Area2-X-S01-overview.jpg","","","","","Area2-X-S01-162.jpg","36.4417096","136.5714608","77.6","1787806003137"
"Area2-X-S01-163","Area2","Common","1","","0.67777306","0.49058792","腐食所見","Z1","ガセットプレート (GPL)","X2通り","Y10","Y11-1","CT-97×150×6×9 (G2)","A","6.0","4.7","Area2-X-S01-overview.jpg","","","","","Area2-X-S01-163.jpg","36.4411795","136.5718522","82.5","1787806183921"
"Area2-X-S01-164","Area2","Common","1","","0.1527589","0.21346398","腐食所見","Z1","スチフナー (STF)","門型柱 Y12","Y12","","H-150×150×7×10 (P1)","D","6.0","0.0","Area2-X-S01-overview.jpg","","","","","Area2-X-S01-164.jpg","36.4416906","136.5714864","45.6","1787806561451"
"Area2-X-S01-165","Area2","Common","1","","0.14956246","0.210922","腐食所見","Z1","ガセットプレート (GPL)","門型柱 Y12","Y12","","H-150×150×7×10 (P1)","D","6.0","1.3","Area2-X-S01-overview.jpg","","","","","Area2-X-S01-165.jpg","36.4416906","136.5714864","45.6","1787806561451"
"Area2-X-S01-166","Area2","Common","1","","0.16505283","0.18711984","腐食所見","Z2","ガセットプレート (GPL)","門型柱 Y12","Y12","","C-150x75x6.5x10 (Sb5)","D","6.0","2.7","Area2-X-S01-overview.jpg","","","","","Area2-X-S01-166.jpg","36.4416906","136.5714864","45.6","1787806561451"
"Area2-X-S01-167","Area2","Common","1","","0.18128084","0.21461941","腐食所見","Z1","ガセットプレート (GPL)","門型柱 Y12","Y12","","H-150×150×7×10 (P1)","D","6.0","4.2","Area2-X-S01-overview.jpg","","","","","Area2-X-S01-167.jpg","36.4416906","136.5714864","45.6","1787806561451"
"Area2-X-S01-168","Area2","Common","1","","0.17955968","0.18850638","腐食所見","Z1","ガセットプレート (GPL)","門型柱 Y12","Y12","","H-150×150×7×10 (P1)","D","9.0","6.8","Area2-X-S01-overview.jpg","","","","","Area2-X-S01-168.jpg","36.4417566","136.5716204","56.1","1787806742041"
"Area2-X-S01-169","Area2","Common","1","","0.14980833","0.20999765","腐食所見","Z1","スチフナー (STF)","門型柱 Y12","Y12","","H-150×150×7×10 (P1)","D","6.0","4.2","Area2-X-S01-overview.jpg","","","","","Area2-X-S01-169.jpg","36.4417566","136.5716204","56.1","1787806742041"
"Area2-X-S01-170","Area2","Common","1","","0.16357756","0.18157372","腐食所見","Z2","フランジ (FL)","門型柱 Y12","Y12","","C-150x75x6.5x10 (Sb5)","D","10.5","9.1","Area2-X-S01-overview.jpg","","","","","Area2-X-S01-170.jpg","36.4417674","136.5715456","28.775","1787806922955"
